2026-03-08 10:00,0.0,0.0
2026-03-08 11:00,0.0,0.0
2026-03-08 12:00,0.0,0.0
2026-03-08 13:00,0.0,0.0
2026-03-08 14:00,0.0,0.0
2026-03-08 15:00,0.0,0.0
2026-03-08 16:00,0.0,0.0
2026-03-08 17:00,0.0,0.0
2026-03-08 18:00,0.0,0.0
2026-03-08 19:00,0.2,0.0
2026-03-08 20:00,0.0,0.1
2026-03-08 21:00,0.2,0.2
2026-03-08 22:00,0.2,0.1
2026-03-08 23:00,0.0,0.3
2026-03-09 00:00,0.0,0.0
2026-03-09 01:00,0.2,0.0
2026-03-09 02:00,0.0,0.0
2026-03-09 03:00,0.0,0.0
2026-03-09 04:00,0.2,0.0
2026-03-09 05:00,0.0,0.0
2026-03-09 06:00,0.0,0.1
2026-03-09 07:00,0.0,0.0
2026-03-09 08:00,0.0,0.0
2026-03-09 09:00,0.0,0.0
2026-03-09 10:00,0.0,0.0
2026-03-09 11:00,0.2,0.0
2026-03-09 12:00,0.2,0.0
2026-03-09 13:00,0.0,0.0
2026-03-09 14:00,0.0,0.0
2026-03-09 15:00,0.0,0.0
2026-03-09 16:00,0.0,0.1
2026-03-09 17:00,0.0,0.0
2026-03-09 18:00,0.0,0.0
2026-03-09 19:00,0.0,0.0
2026-03-09 20:00,0.0,0.0
2026-03-09 21:00,0.0,0.0
2026-03-09 22:00,0.0,0.1
2026-03-09 23:00,0.0,0.1
2026-03-10 00:00,0.0,0.0
2026-03-10 01:00,0.0,0.0
2026-03-10 02:00,0.0,0.0
2026-03-10 03:00,0.0,0.0
2026-03-10 04:00,0.0,0.0
2026-03-10 05:00,0.0,0.0
2026-03-10 06:00,0.0,0.0
2026-03-10 07:00,0.0,0.0
2026-03-10 08:00,0.0,0.0
2026-03-10 09:00,0.0,0.1
2026-03-10 10:00,0.4,0.1
2026-03-10 11:00,0.0,0.1
2026-03-10 12:00,0.0,0.1
2026-03-10 13:00,0.0,0.1
2026-03-10 14:00,0.0,0.1
2026-03-10 15:00,0.0,0.2
2026-03-10 16:00,0.2,0.1
2026-03-10 17:00,2.6,0.0
2026-03-10 18:00,3.2,0.2
2026-03-10 19:00,3.4,0.8
2026-03-10 20:00,3.0,1.6
2026-03-10 21:00,2.8,0.5
2026-03-10 22:00,1.2,0.7
2026-03-10 23:00,1.2000000000000002,0.0
2026-03-11 00:00,2.2,0.5
2026-03-11 01:00,0.4,0.1
2026-03-11 02:00,0.0,0.0
2026-03-11 03:00,0.4,0.0
2026-03-11 04:00,0.0,0.0
2026-03-11 05:00,0.0,0.0
2026-03-11 06:00,0.0,0.0
2026-03-11 07:00,0.0,0.0
2026-03-11 08:00,0.0,0.0
2026-03-11 09:00,0.0,0.1
2026-03-11 10:00,0.0,0.0
2026-03-11 11:00,0.0,0.0
2026-03-11 12:00,0.0,0.0
2026-03-11 13:00,0.0,0.0
2026-03-11 14:00,0.0,0.0
2026-03-11 15:00,0.0,0.0
2026-03-11 16:00,0.0,0.0
2026-03-11 17:00,0.2,0.0
2026-03-11 18:00,0.0,0.0
2026-03-11 19:00,0.0,0.0
2026-03-11 20:00,0.0,0.0
2026-03-11 21:00,0.0,0.0
2026-03-11 22:00,0.0,0.0
2026-03-11 23:00,0.0,0.0
2026-03-12 00:00,0.0,0.0
2026-03-12 01:00,0.0,0.0
2026-03-12 02:00,0.0,0.1
2026-03-12 03:00,0.0,0.1
2026-03-12 04:00,0.0,0.0
2026-03-12 05:00,0.0,0.1
2026-03-12 06:00,0.0,0.0
2026-03-12 07:00,0.0,0.0
2026-03-12 08:00,0.2,2.3
2026-03-12 09:00,1.0,0.6
2026-03-12 10:00,1.0,2.0
2026-03-12 11:00,1.4,1.5
2026-03-12 12:00,0.4,1.3
2026-03-12 13:00,1.0,0.2
2026-03-12 14:00,0.4,0.1
2026-03-12 15:00,0.8,0.1
2026-03-12 16:00,1.6,0.0
2026-03-12 17:00,0.6000000000000001,0.1
2026-03-12 18:00,1.4,0.0
2026-03-12 19:00,2.8,0.1
2026-03-12 20:00,3.6,0.5
2026-03-12 21:00,1.8,1.7
2026-03-12 22:00,3.8,2.2
2026-03-12 23:00,2.8000000000000003,0.0
2026-03-13 00:00,1.4,0.1
2026-03-13 01:00,0.6000000000000001,0.2
2026-03-13 02:00,0.6000000000000001,0.2
2026-03-13 03:00,0.0,0.3
2026-03-13 04:00,0.0,0.1
2026-03-13 05:00,0.0,0.0
2026-03-13 06:00,0.0,0.1
2026-03-13 07:00,0.0,0.1
2026-03-13 08:00,0.0,0.1
2026-03-13 09:00,0.0,0.1